{
    "regression": {
        "rmse": 0.018370536829505422
    },
    "classification": {
        "accuracy": 0.4925373134328358,
        "precision_up": 0.5434782608695652,
        "recall_up": 0.6578947368421053,
        "f1_up": 0.5952380952380952
    }
}